price,count,title,description,imgUrl
1,2,Lorem1,Lorem ipsum1,https://images.unsplash.com/photo-1604537529428-15bcbeecfe4d?ixlib=rb-4.0.3&ixid=MnwxMjA3fDB8MHxwaG90by1wYWdlfHx8fGVufDB8fHx8&auto=format&fit=crop&w=768&q=30
2,3,Lorem2,Lorem ipsum2,https://images.unsplash.com/photo-1604537529428-15bcbeecfe4d?ixlib=rb-4.0.3&ixid=MnwxMjA3fDB8MHxwaG90by1wYWdlfHx8fGVufDB8fHx8&auto=format&fit=crop&w=768&q=30
3,4,Lorem3,Lorem ipsum3,https://images.unsplash.com/photo-1604537529428-15bcbeecfe4d?ixlib=rb-4.0.3&ixid=MnwxMjA3fDB8MHxwaG90by1wYWdlfHx8fGVufDB8fHx8&auto=format&fit=crop&w=768&q=30
4,5,Lorem4,Lorem ipsum4,https://images.unsplash.com/photo-1604537529428-15bcbeecfe4d?ixlib=rb-4.0.3&ixid=MnwxMjA3fDB8MHxwaG90by1wYWdlfHx8fGVufDB8fHx8&auto=format&fit=crop&w=768&q=30
5,6,Lorem5,Lorem ipsum5,https://images.unsplash.com/photo-1604537529428-15bcbeecfe4d?ixlib=rb-4.0.3&ixid=MnwxMjA3fDB8MHxwaG90by1wYWdlfHx8fGVufDB8fHx8&auto=format&fit=crop&w=768&q=30
6,7,Lorem6,Lorem ipsum6,https://images.unsplash.com/photo-1604537529428-15bcbeecfe4d?ixlib=rb-4.0.3&ixid=MnwxMjA3fDB8MHxwaG90by1wYWdlfHx8fGVufDB8fHx8&auto=format&fit=crop&w=768&q=30
7,8,Lorem7,Lorem ipsum7,https://images.unsplash.com/photo-1604537529428-15bcbeecfe4d?ixlib=rb-4.0.3&ixid=MnwxMjA3fDB8MHxwaG90by1wYWdlfHx8fGVufDB8fHx8&auto=format&fit=crop&w=768&q=30
8,9,Lorem8,Lorem ipsum8,https://images.unsplash.com/photo-1604537529428-15bcbeecfe4d?ixlib=rb-4.0.3&ixid=MnwxMjA3fDB8MHxwaG90by1wYWdlfHx8fGVufDB8fHx8&auto=format&fit=crop&w=768&q=30
9,10,Lorem9,Lorem ipsum9,https://images.unsplash.com/photo-1604537529428-15bcbeecfe4d?ixlib=rb-4.0.3&ixid=MnwxMjA3fDB8MHxwaG90by1wYWdlfHx8fGVufDB8fHx8&auto=format&fit=crop&w=768&q=30
10,11,Lorem10,Lorem ipsum10,https://images.unsplash.com/photo-1604537529428-15bcbeecfe4d?ixlib=rb-4.0.3&ixid=MnwxMjA3fDB8MHxwaG90by1wYWdlfHx8fGVufDB8fHx8&auto=format&fit=crop&w=768&q=30
